Workbook
Name capuchin_gestation: Sheet1!$F$16
Name chimp_gestation: Sheet1!$F$12
Name gorilla_gestation: Sheet1!$D$19
Name human_gestation: Sheet1!$F$13
Name marmoset_gestation: Sheet1!$F$14
Name Rhesus_gestation: Sheet1!$F$15

Sheet Sheet1
A1: event_type | B1: event | C1: species | D1: min_wkspc | E1: max_wkspc | F1: avg_wkspc | G1: avg_month_pc | H1: sd_(days) | I1: original_format | J1: original_description | K1: data_reference
A2: developmental_stages | B2: dental_early_infancy_ends | C2: Chimpanzee | D2: =12*Sheet3!B1 +chimp_gestation -> 131.65429 | E2: =12*Sheet3!B1 +chimp_gestation -> 131.65429 | F2: =(E2+D2)/2 -> 131.65429 | G2: =F2/4 -> 32.913571 | H2: 0 | I2: 53.8 weeks, 12 months | J2: ealy infancy = deciduous teeth last eruption | K2: Smith 2005, https://www.sciencedirect.com/science/article/pii/S0168010217301025?ref=pdf_download&fr=RR-2&rr=831e197b2b4ec46b
A3: developmental_stages | B3: dental_early_infancy_ends | C3: Human | D3: =24*Sheet3!B1 +human_gestation -> 320.22857 | E3: =24*Sheet3!B1 +human_gestation -> 320.22857 | F3: =(E3+D3)/2 -> 320.22857 | G3: =F3/4 -> 80.057143 | H3: 0 | I3: 108 weeks, 24 months | J3: ealy infancy = deciduous teeth last eruption | K3: Smith 2005, https://www.sciencedirect.com/science/article/pii/S0168010217301025?ref=pdf_download&fr=RR-2&rr=831e197b2b4ec46b
A4: developmental_stages | B4: dental_early_infancy_ends | C4: Marmoset | D4: =5 + marmoset_gestation -> 37.542857 | E4: =5 + marmoset_gestation -> 37.542857 | F4: =(E4+D4)/2 -> 37.542857 | G4: =F4/4 -> 9.3857143 | H4: 0 | I4: 5 weeks | J4: ealy infancy = deciduous teeth last eruption | K4: Smith 2005, https://www.sciencedirect.com/science/article/pii/S0168010217301025?ref=pdf_download&fr=RR-2&rr=831e197b2b4ec46b
A5: developmental_stages | B5: dental_early_infancy_ends | C5: Rhesus | D5: =0.437*12*Sheet3!B1 + Rhesus_gestation -> 61.120629 | E5: =0.437*12*Sheet3!B1 + Rhesus_gestation -> 61.120629 | F5: =(E5+D5)/2 -> 61.120629 | G5: =F5/4 -> 15.280157 | H5: 0 | I5: 0.437 year | J5: ealy infancy = deciduous teeth last eruption | K5: Smith 1994, Ages of Eruption of Primate Teeth: A Compendium for Aging Individuals and Comparing Life Histories
A6: developmental_stages | B6: dental_early_infancy_ends | C6: Capuchin | D6: =0.393*12*Sheet3!B1 + capuchin_gestation -> 40.993086 | E6: =0.393*12*Sheet3!B1 + capuchin_gestation -> 40.993086 | F6: =(E6+D6)/2 -> 40.993086 | G6: =F6/4 -> 10.248271 | H6: 0 | I6: 0.393 year | J6: ealy infancy = deciduous teeth last eruption | K6: Smith 1994, Ages of Eruption of Primate Teeth: A Compendium for Aging Individuals and Comparing Life Histories
A7: developmental_stages | B7: dental_early_infancy_ends | C7: Gorilla | D7: =0.994*12*Sheet3!B1 + gorilla_gestation -> 87.718971 | E7: =0.994*12*Sheet3!B1 + gorilla_gestation -> 87.718971 | F7: =(E7+D7)/2 -> 87.718971 | G7: =F7/4 -> 21.929743 | H7: 1 | I7: 0.994 years | J7: ealy infancy = deciduous teeth last eruption | K7: Smith 1994, Ages of Eruption of Primate Teeth: A Compendium for Aging Individuals and Comparing Life Histories
A8: developmental_stages | B8: dental_late_infancy_ends | C8: Chimpanzee | D8: =36*Sheet3!B1 +chimp_gestation -> 234.85429 | E8: =36*Sheet3!B1 +chimp_gestation -> 234.85429 | F8: =(E8+D8)/2 -> 234.85429 | G8: =F8/4 -> 58.713571 | H8: 0 | I8: 162 week, 36 months | J8: late infancy = first tooth permanent eruption | K8: Smith 2005, https://www.sciencedirect.com/science/article/pii/S0168010217301025?ref=pdf_download&fr=RR-2&rr=831e197b2b4ec46b
A9: developmental_stages | B9: dental_late_infancy_ends | C9: Human | D9: =72*Sheet3!B1 + human_gestation -> 526.62857 | E9: =72*Sheet3!B1 + human_gestation -> 526.62857 | F9: =(E9+D9)/2 -> 526.62857 | G9: =F9/4 -> 131.65714 | H9: 0 | I9: 72 months | J9: late infancy = first tooth permanent eruption | K9: Smith 2005, https://www.sciencedirect.com/science/article/pii/S0168010217301025?ref=pdf_download&fr=RR-2&rr=831e197b2b4ec46b
A10: developmental_stages | B10: dental_late_infancy_ends | C10: Marmoset | D10: =3.6*Sheet3!B1 + marmoset_gestation -> 48.022857 | E10: =3.6*Sheet3!B1 + marmoset_gestation -> 48.022857 | F10: =(E10+D10)/2 -> 48.022857 | G10: =F10/4 -> 12.005714 | H10: 0 | I10: 3.6 months | J10: late infancy = first tooth permanent eruption | K10: Smith 2005, https://www.sciencedirect.com/science/article/pii/S0168010217301025?ref=pdf_download&fr=RR-2&rr=831e197b2b4ec46b
A11: developmental_stages | B11: dental_late_infancy_ends | C11: Rhesus | D11: =1.35*12*Sheet3!B1 + Rhesus_gestation -> 108.23143 | E11: =1.35*12*Sheet3!B1 + Rhesus_gestation -> 108.23143 | F11: =(E11+D11)/2 -> 108.23143 | G11: =F11/4 -> 27.057857 | H11: 0 | I11: 1.35 year | J11: late infancy = first tooth permanent eruption | K11: Smith 1994, Ages of Eruption of Primate Teeth: A Compendium for Aging Individuals and Comparing Life Histories
A12: developmental_stages | B12: dental_late_infancy_ends | C12: Capuchin | D12: =1.15*12*Sheet3!B1 + capuchin_gestation -> 80.054286 | E12: =1.15*12*Sheet3!B1 + capuchin_gestation -> 80.054286 | F12: =(E12+D12)/2 -> 80.054286 | G12: =F12/4 -> 20.013571 | H12: 0 | I12: 1.15 year | J12: late infancy = first tooth permanent eruption | K12: Smith 1994, Ages of Eruption of Primate Teeth: A Compendium for Aging Individuals and Comparing Life Histories
A13: developmental_stages | B13: dental_late_infancy_ends | C13: Gorilla | D13: =3.5*12*Sheet3!B1 + gorilla_gestation -> 217.02857 | E13: =3.5*12*Sheet3!B1 + gorilla_gestation -> 217.02857 | F13: =(E13+D13)/2 -> 217.02857 | G13: =F13/4 -> 54.257143 | H13: 0 | I13: 3.50 year | J13: late infancy = first tooth permanent eruption | K13: Smith 1994, Ages of Eruption of Primate Teeth: A Compendium for Aging Individuals and Comparing Life Histories
A14: developmental_stages | B14: gestation | C14: Chimpanzee | D14: =227.8/7 -> 32.542857 | E14: =227.8/7 -> 32.542857 | F14: =(E14+D14)/2 -> 32.542857 | G14: =F14/4 -> 8.1357143 | H14: 9.18 | I14: 243 dpc, 227.8 (9.18) | J14: gestation | K14: https/primatedatabase.org, https://onlinelibrary.wiley.com/doi/epdf/10.1002/ajpa.24601
A15: developmental_stages | B15: gestation | C15: Human | D15: =270/7 -> 38.571429 | E15: =270/7 -> 38.571429 | F15: =(E15+D15)/2 -> 38.571429 | G15: =F15/4 -> 9.6428571 | H15: 10 | I15: 270 dpc, 267 (10) | J15: gestation | K15: https/primatedatabase.org, https://academic.oup.com/humrep/article/28/10/2848/620772
A16: developmental_stages | B16: gestation | C16: Marmoset | D16: =145/7 -> 20.714286 | E16: =145/7 -> 20.714286 | F16: =(E16+D16)/2 -> 20.714286 | G16: =F16/4 -> 5.1785714 | H16: 5 | I16: 143.5 dpc (140-150) | J16: gestation | K16: https/primatedatabase.org, https://onlinelibrary.wiley.com/doi/epdf/10.1002/bdrb.20057?saml_referrer
A17: developmental_stages | B17: gestation | C17: Rhesus | D17: =166.5/7 -> 23.785714 | E17: =166.5/7 -> 23.785714 | F17: =(E17+D17)/2 -> 23.785714 | G17: =F17/4 -> 5.9464286 | H17: 7.4 | I17: 165 dpc, 166.5 (7.4) | J17: gestation | K17: https/primatedatabase.org, https://link.springer.com/article/10.1007/bf02196505
A18: developmental_stages | B18: gestation | C18: Capuchin | D18: =157/7 -> 22.428571 | E18: =157/7 -> 22.428571 | F18: =(E18+D18)/2 -> 22.428571 | G18: =F18/4 -> 5.6071429 | H18: 2.5 | I18: 157 (2.5) | J18: gestation | K18: Study of prenatal growth in the capuchin monkev J (Cebusapella)by ultrasound
A19: developmental_stages | B19: gestation | C19: Gorilla | D19: =255/7 -> 36.428571 | E19: =255/7 -> 36.428571 | F19: =(E19+D19)/2 -> 36.428571 | G19: =F19/4 -> 9.1071429 | H19: 2 | I19: 255 days | J19: gestation | K19: https://doi.org/10.1002/ajpa.20474
A20: developmental_stages | B20: sexual_maturation_juvenile_end | C20: Chimpanzee | D20: =96*Sheet3!B1 +_xlfn.SINGLE( chimp_gestation) -> 492.85429 | E20: =96*Sheet3!B1+_xlfn.SINGLE( chimp_gestation) -> 492.85429 | F20: =(E20+D20)/2 -> 492.85429 | G20: =F20/4 -> 123.21357 | H20: 0 | I20: 96 months | J20: sexual maturation (menarche, first ejaculation) | K20: Smith 2005, https://www.sciencedirect.com/science/article/pii/S0168010217301025?ref=pdf_download&fr=RR-2&rr=831e197b2b4ec46b
A21: developmental_stages | B21: sexual_maturation_juvenile_end | C21: Human | D21: =144*Sheet3!B1 + human_gestation -> 836.22857 | E21: =144*Sheet3!B1 + human_gestation -> 836.22857 | F21: =(E21+D21)/2 -> 836.22857 | G21: =F21/4 -> 209.05714 | H21: 0 | I21: 144 months | J21: sexual maturation (menarche, first ejaculation) | K21: Smith 2005, https://www.sciencedirect.com/science/article/pii/S0168010217301025?ref=pdf_download&fr=RR-2&rr=831e197b2b4ec46b
A22: developmental_stages | B22: sexual_maturation_juvenile_end | C22: Marmoset | D22: =15*Sheet3!B1 + marmoset_gestation -> 97.042857 | E22: =15*Sheet3!B1 + marmoset_gestation -> 97.042857 | F22: =(E22+D22)/2 -> 97.042857 | G22: =F22/4 -> 24.260714 | H22: 0 | I22: 15 months | J22: sexual maturation (menarche, first ejaculation) | K22: Smith 2005, https://www.sciencedirect.com/science/article/pii/S0168010217301025?ref=pdf_download&fr=RR-2&rr=831e197b2b4ec46b
A23: developmental_stages | B23: sexual_maturation_juvenile_end | C23: Rhesus | D23: =30*Sheet3!B1 + Rhesus_gestation -> 167.57143 | E23: =30*Sheet3!B1 + Rhesus_gestation -> 167.57143 | F23: =(E23+D23)/2 -> 167.57143 | G23: =F23/4 -> 41.892857 | H23: 0 | I23: 30 months | J23: sexual maturation (menarche, first ejaculation) | K23: Smith 2005, https://www.sciencedirect.com/science/article/pii/S0168010217301025?ref=pdf_download&fr=RR-2&rr=831e197b2b4ec46b
A24: developmental_stages | B24: sexual_maturation_juvenile_end | C24: Capuchin | D24: =4*12*Sheet3!B1 + capuchin_gestation -> 227.11429 | E24: =4*12*Sheet3!B1 + capuchin_gestation -> 227.11429 | F24: =(E24+D24)/2 -> 227.11429 | G24: =F24/4 -> 56.778571 | H24: 0 | I24: 4 years (f) 7-8 (m) | J24: sexual maturation (menarche, first ejaculation) | K24: https://pdf.sciencedirectassets.com/273278/1-s2.0-S0065345405X1066X/1-s2.0-S0065345405350030/main.pdf?X-Amz-Security-Token=IQoJb3JpZ2luX2VjEBcaCXVzLWVhc3QtMSJIMEYCIQD1uBt7roZO09o8fW%2BaLqGZ9AE6t5H0XF%2Be2ewnF9xvOAIhAI12ccDLFwHKso%2F%2FvnIXW5CvAYKtlF%2Ft6UCDuBvypFbnKrwFCMD%2F%2F%2F%2F%2F%2F%2F%2F%2F%2FwEQBRoMMDU5MDAzNTQ2ODY1IgxSd2MSWoWs%2F28GoQAqkAUaHxL2VC7tXyT9Qe9jDLJtfMPke6lNmm15gUazRZvgDW4poNGBn7y5WQs7rqskIkqW9sAJ7WtKPltU%2FGGxk6D0r9bCa8HXHBpjVCd7uiYB5vooIHznNgiUuQ7KFfV%2FHbsw5aDV%2BmfK6gxBBYuIUB7jGel8esABhKS6W%2BRgGJWBjXma9DrvzQ373gpgQSbzCkTprvGD8e9dMIIicU%2BXjbVuqZjmFjnlMjnsv30KT3CCFwa82FOPEPH%2BzRvL6cDTY4%2B5SJamwFoF8u9NtO6inzIgfvMds7vS9o2GRhBvU641WH1lpEQ8uZyjHrW180OCRhhyQdFpRcHX%2Bb4OTrNxM%2FjEzWaald3Bl%2FkLTaPDpPl1%2F%2BxO2ODDHz51X4lqjrWfGWSsejG1qKPnPjvuMZsCtrfbFD3o97m3%2B2Kk%2BBv%2F5nT6CMDrHc6l4wjOa3iyqkGDgZE9M1B2Yk6irsBfMW51ep%2FVakOE6eBoWPcMRhRt9yFuwecurYL7dPkVVdlQprMvz6SjgtXhDzb71T1QfOd1uNaMXysMdkFG2h0mRaM3iBa7zK7fLnitu9x7PfX3eyQ2fFUlyV%2BBtSmJ6zsvUpoE4lnDv3RgFkgvU3iIiD5e%2F78JP3P87etloSkyCdWxbfXVG9kFXBDI%2Ffg0Y6HYWpI8vaJ1gUAJvKDcGdTkEy6AkDvtPdM3yFcbbyKchVBnxwxlW58yM4Qf%2BfhsdUNjpIuHxy2oEK5d6umDlxrPI5hwgUnA9br0NAOfX%2FYw72YnAWFtOYkGFmrUmQw5%2Bxj1KBqtZzQe1uHmB7tVuszWdLIZGH1N99Bu4HNRQCSxxZoIaPNzXmgWj5ne3Z4mLvT6TZ4hzHqz%2Bsk71dgbcyx7PraGeN3hVjCY1p%2BtBjqwASiG61SAwtS%2BAUqFY7pJ5Lm8doOIuCSLrRu41XMH78JH7ZR2kYnl%2F6iNsOh4QC3o9Q%2BJcj%2FMIc3eNn%2BFhIUr195cYFe%2B3zG2mG35ptrF6GwacLPCqKesPAQppRmpYYbUuvLHLYzL7VNbsGfGCvHnqmaLtcjV0pMrgJqCYCdcySHrcBUs3Tq1q7nJge1UJLA2DIMHeZCSTrLewK5nTzvcOGnyMWeAA%2BBkj%2FAsvMu6hL7R&X-Amz-Algorithm=AWS4-HMAC-SHA256&X-Amz-Date=20240117T161901Z&X-Amz-SignedHeaders=host&X-Amz-Expires=300&X-Amz-Credential=ASIAQ3PHCVTY3466NF6F%2F20240117%2Fus-east-1%2Fs3%2Faws4_request&X-Amz-Signature=b081ce566fbb3c931dc6bc32cc7038a5b665fec22582e6ac6c80611b1b69c44d&hash=d97a9fed5a643890389c5ff736abd3a939a63460b7b2ca645f88a518f469dc39&host=68042c943591013ac2b2430a89b270f6af2c76d8dfd086a07176afe7c76c2c61&pii=S0065345405350030&tid=spdf-63dad270-ac37-4d32-a1eb-4ddcdfe030a2&sid=b6f6f50b42c2a74eb089c60-45d5fb974c80gxrqa&type=client&tsoh=d3d3LnNjaWVuY2VkaXJlY3QuY29t&ua=00115d555007030f07&rr=846feadc8fe21abd&cc=br
A25: developmental_stages | B25: sexual_maturation_juvenile_end | C25: Gorilla | D25: =7.7*12*Sheet3!B1 + gorilla_gestation -> 433.74857 | E25: =7.7*12*Sheet3!B1 + gorilla_gestation -> 433.74857 | F25: =7.7*12*Sheet3!B1 + gorilla_gestation -> 433.74857 | G25: =F25/4 -> 108.43714 | H25: 0 | I25: 7.7 years | J25: Juvenile/subadult | K25: Breuer, https://onlinelibrary.wiley.com/doi/epdf/10.1002/ajp.20628
A26: developmental_stages | B26: weaning_complete | C26: Chimpanzee | D26: =AVERAGE(4.2,4,4.1,4)*(12*Sheet3!B1) +_xlfn.SINGLE( chimp_gestation) -> 290.32429 | E26: =AVERAGE(7.2,5,6,7)*(12*Sheet3!B1) +_xlfn.SINGLE( chimp_gestation) -> 405.13429 | F26: =(E26+D26)/2 -> 347.72929 | G26: =F26/4 -> 86.932321 | H26: 0 | I26: 4.2–7.2, 4–5, 4.1–6, 4–7 years post birth | J26: cessation of suckling | K26: Lonsdorf_2020
A27: developmental_stages | B27: weaning_complete | C27: Human | D27: =12*Sheet3!B1 + human_gestation -> 268.62857 | E27: =24*Sheet3!B1 + human_gestation -> 320.22857 | F27: =(E27+D27)/2 -> 294.42857 | G27: =F27/4 -> 73.607143 | H27: 0 | I27: 12–24 mos post birth | J27: Discontinues breastfeeding | K27: Ausderau_2017
A28: developmental_stages | B28: weaning_complete | C28: Marmoset | D28: =12 + marmoset_gestation -> 44.542857 | E28: =16 + marmoset_gestation -> 48.542857 | F28: =(E28+D28)/2 -> 46.542857 | G28: =F28/4 -> 11.635714 | H28: 0 | I28: 12–16 wks post birth | J28: Nursing ceases, weaning completed | K28: Ausderau_2017
A29: developmental_stages | B29: weaning_complete | C29: Rhesus | D29: =10*Sheet3!B1 + Rhesus_gestation -> 81.571429 | E29: =14*Sheet3!B1 + Rhesus_gestation -> 98.771429 | F29: =(E29+D29)/2 -> 90.171429 | G29: =F29/4 -> 22.542857 | H29: 0 | I29: 10–14 months of age | J29: weaning completed in the wild | K29: Prescott_2011
A30: developmental_stages | B30: weaning_complete | C30: Capuchin | D30: =12*Sheet3!B1 + capuchin_gestation -> 72.314286 | E30: =12*Sheet3!B1 + capuchin_gestation -> 72.314286 | F30: =(E30+D30)/2 -> 72.314286 | G30: =F30/4 -> 18.078571 | H30: 0 | I30: 12 months | J30: weaning complete | K30: https://royalsocietypublishing.org/doi/full/10.1098/rsbl.2009.0773?casa_token=uJY3G7vdDzkAAAAA%3ACMjH5DirG6WFo9RHe_z1jBP7Mf-R83kWdd_YrLtvkEAo56wazbVWxJhH-NuVGa9_r4WD3rKBDasPqJc
A31: developmental_stages | B31: weaning_complete | C31: Gorilla | D31: =27*Sheet3!B1 + gorilla_gestation -> 152.52857 | E31: =51*Sheet3!B1 + gorilla_gestation -> 255.72857 | F31: =(E31+D31)/2 -> 204.12857 | G31: =F31/4 -> 51.032143 | H31: 0 | I31: 27-51 | J31: distribution of weaning age | K31: https://link.springer.com/article/10.1007/s00265-016-2066-6

Sheet Sheet3
A1: weeks-month ratio | B1: 4.3
